{"channels": [{"style": 1, "name": "\u30c8\u30c3\u30d7", "channel_type": 0, "is_online": 1, "item_id": 0, "position": 0, "chid": "A0", "aid": ""}, {"style": 1, "name": "\u66ae\u3089\u3057", "channel_type": 0, "is_online": 1, "item_id": 0, "position": 5, "chid": "31", "aid": ""}, {"style": 1, "name": "\u30a8\u30f3\u30bf\u30e1", "channel_type": 0, "is_online": 1, "item_id": 0, "position": 1, "chid": "pd", "aid": ""}, {"style": 1, "name": "\u7652\u3055\u308c", "channel_type": 2, "is_online": 1, "item_id": 0, "position": 6, "chid": "6a", "aid": ""}, {"style": 1, "name": "\u52d5\u753b", "channel_type": 1, "is_online": 1, "item_id": 0, "position": 10, "chid": "__for_you_article_video__", "aid": ""}, {"style": 1, "name": "\u56fd\u5185", "channel_type": 0, "is_online": 1, "item_id": 0, "position": 3, "chid": "dX", "aid": ""}, {"style": 1, "name": "\u56fd\u969b", "channel_type": 0, "is_online": 1, "item_id": 0, "position": 4, "chid": "1r", "aid": ""}, {"style": 1, "name": "\u30b9\u30dd\u30fc\u30c4", "channel_type": 0, "is_online": 1, "item_id": 0, "position": 2, "chid": "KY", "aid": ""}, {"style": 1, "name": "IT/\u30c6\u30af\u30ce\u30ed\u30b8\u30fc", "channel_type": 0, "is_online": 1, "item_id": 0, "position": 10, "chid": "OW", "aid": ""}, {"style": 1, "name": "\u7d4c\u6e08", "channel_type": 0, "is_online": 1, "item_id": 0, "position": 7, "chid": "v1", "aid": ""}, {"style": 1, "name": "\u653f\u6cbb", "channel_type": 0, "is_online": 1, "item_id": 0, "position": 8, "chid": "Bn", "aid": ""}, {"style": 1, "name": "\u30de\u30f3\u30ac", "channel_type": 2, "is_online": 1, "item_id": 0, "position": 9, "chid": "wY", "aid": ""}, {"style": 1, "name": "\u30a4\u30e9\u30b9\u30c8", "channel_type": 2, "is_online": 1, "item_id": 0, "position": 11, "chid": "rA", "aid": ""}, {"style": 1, "name": "\u7f8e\u5973", "channel_type": 2, "is_online": 1, "item_id": 0, "position": 12, "chid": "GD", "aid": ""}, {"style": 1, "name": "\u30af\u30eb\u30de", "channel_type": 0, "is_online": 1, "item_id": 0, "position": 20, "chid": "08", "aid": ""}, {"style": 1, "name": "\u30ef\u30fc\u30eb\u30c9\u30ab\u30c3\u30d7", "channel_type": 0, "is_online": 0, "item_id": 0, "position": 22, "chid": "YV", "aid": ""}], "worldcup_channels": [{"style": 1, "name": "\u52d5\u753b", "channel_type": 1, "is_online": 1, "item_id": 0, "position": 0, "chid": "nq", "aid": ""}, {"style": 1, "name": "\u30b3\u30e1\u30f3\u30c8", "channel_type": 7, "is_online": 1, "item_id": 0, "position": 0, "chid": "__message_board__", "aid": ""}, {"style": 1, "name": "\u8a66\u5408\u65e5\u7a0b", "url": "http://test.api.bigappinfo.com/webnews/world_cup/schedule?max_date=", "channel_type": 5, "is_online": 1, "item_id": 0, "position": 0, "chid": "__worldcup_schedule__", "aid": ""}, {"style": 1, "name": "\u52dd\u70b9\u30e9\u30f3\u30ad\u30f3\u30b0", "url": "http://test.api.bigappinfo.com/webnews/world_cup/rank_board", "channel_type": 5, "is_online": 1, "item_id": 0, "position": 0, "chid": "__team_score_rank__", "aid": ""}, {"style": 1, "name": "\u5f97\u70b9\u30e9\u30f3\u30ad\u30f3\u30b0", "url": "http://test.api.bigappinfo.com/webnews/world_cup/goal_board", "channel_type": 5, "is_online": 1, "item_id": 0, "position": 0, "chid": "__player_goal_rank__", "aid": ""}, {"style": 1, "name": "\u30a2\u30b7\u30b9\u30c8\u30e9\u30f3\u30ad\u30f3\u30b0", "url": "http://test.api.bigappinfo.com/webnews/world_cup/assist_board", "channel_type": 5, "is_online": 1, "item_id": 0, "position": 0, "chid": "__player_assist_rank__", "aid": ""}], "v_channels": [{"style": 1, "name": "\u304a\u3082\u3057\u308d", "channel_type": 1, "is_online": 1, "item_id": 0, "position": 2, "chid": "JW", "aid": ""}, {"style": 1, "name": "GIF", "channel_type": 3, "is_online": 1, "item_id": 0, "position": 15, "chid": "gE", "aid": ""}, {"style": 1, "name": "\u30b0\u30eb\u30e1", "channel_type": 1, "is_online": 1, "item_id": 0, "position": 3, "chid": "e2", "aid": ""}, {"style": 1, "name": "\u7652\u3057", "channel_type": 1, "is_online": 1, "item_id": 0, "position": 1, "chid": "Z0", "aid": ""}, {"style": 1, "name": "\u30b9\u30dd\u30fc\u30c4", "channel_type": 1, "is_online": 1, "item_id": 0, "position": 5, "chid": "Er", "aid": ""}, {"style": 1, "name": "\u30b2\u30fc\u30e0", "channel_type": 1, "is_online": 1, "item_id": 0, "position": 4, "chid": "ol", "aid": ""}, {"style": 1, "name": "\u30ac\u30fc\u30eb\u30ba", "channel_type": 1, "is_online": 1, "item_id": 0, "position": 6, "chid": "8X", "aid": ""}, {"style": 1, "name": "\u30a8\u30f3\u30bf\u30e1", "channel_type": 1, "is_online": 1, "item_id": 0, "position": 7, "chid": "4y", "aid": ""}, {"style": 1, "name": "\u7f8e\u4eba(R18)", "channel_type": 1, "is_online": 1, "item_id": 0, "position": 8, "chid": "qn", "aid": ""}, {"style": 1, "name": "\u52d5\u753b", "channel_type": 1, "is_online": 0, "item_id": 0, "position": 23, "chid": "nq", "aid": ""}]}